{"image_index":0,"rendered_image_half_epoch":3,"_runtime":2142.404854349,"epoch_loss":0.811905516163826,"_timestamp":1.7356782557295341e+09,"batch_loss":0.819818377494812,"rendered_image_epoch":2,"epoch":3,"rendered_image":{"height":400,"_type":"image-file","sha256":"68245bd8435bf432f168c0f569ca971d3ec0c03825f90d3c310355d1d21f4451","size":1387,"path":"media/images/rendered_image_140625_68245bd8435bf432f168.png","format":"png","width":400},"step":142656,"_step":142656,"_wandb":{"runtime":2142}}